{"Algebra": 0.07846771702193389, "Counting & Probability": 0.1426872770511296, "Geometry": 0.15089852008456658, "Intermediate Algebra": 0.05865764241398759, "Number Theory": 0.1108319374651033, "Prealgebra": 0.03686635944700461, "Precalculus": 0.07520661157024794}